{
  "code": "F184",
  "name": "F184 MIRANDOLA",
  "description": {
    "it": "Il modello geologico 3D per l’area del Foglio 184 Mirandola ha riguardato 10 superfici stratigrafiche sepolte che coprono un intervallo di tempo che va dal Triassico al Pleistocene. Insieme a queste superfici sono state modellate anche 7 discontinuità tettoniche principali che hanno causato la deformazione di questo settore sepolto della pianura padana che si colloca nella porzione esterna delle Pieghe Ferraresi. A fronte di una superficie topografica totalmente pianeggiante, il sottosuolo evidenzia l’intensa deformazione causata dalle strutture tettoniche profonde, che tagliano la successione stratigrafica a partire dal Triassico fino al Pliocene e piegano i depositi più recenti. L’estensione dell’area modellata è pari a 585 kmq mentre la profondità massima del modello è di circa 8.000 m dal piano campagna.", 
    "en": ""
  },
  "author": "Lorenzo Calabrese, Alberto Martini, Fabio Carlo Molinari",
  "source": "ISPRA - Servizio Geologico d'Italia",
  "doi": "uri DOI",
  "license": "CC-BY-4.0",
  "creation datetime": "2024-04-30T12:00:00Z",
  "publication datetime": "2024-04-30T12:00:00Z",
  "meta_url": null
}