id,code_model,name_unit,name_model,type_unit,type_lithology_main,type_lithology_sec,color_unit,color_tone,id_surface_top,id_surface_bottom,age_up,age_low,type_event_process,type_event_environment
UNT_0001_001,F184,AES,F184 MIRANDOLA,UNT_UBSU,SI-CL0101,SI-CL0300,11,50,dem,SRF_0001_001,PLE2,PLE2,P082,E014
UNT_0002_001,F184,AEI,F184 MIRANDOLA,UNT_UBSU,SI-CL0101,SI-CL0300,11,70,SRF_0001_001,SRF_0002_001,PLE2,PLE2,P082,E014
UNT_0003_001,F184,IMO,F184 MIRANDOLA,UNT_LSTR,SI-CL0300,SI-CL0101,11,100,SRF_0002_001,SRF_0003_001,PLE2,PLE1,P082,E025
UNT_0004_001,F184,QM,F184 MIRANDOLA,UNT_LSTR,SI-CL0300,SI-CL0101,12,100,SRF_0003_001,SRF_0004_001,PLE1,PLE1,P082,E041
UNT_0005_001,F184,PLS,F184 MIRANDOLA,UNT_LSTR,SI-CL0101,SI-CL0300,15,100,SRF_0004_001,SRF_0005_001,PLE0,PLE0,P082,E023
UNT_0006_001,F184,Plu,F184 MIRANDOLA,UNT_LSTR,SI-CL0300,SI-CL0102,19,100,SRF_0005_001,SRF_0006_001,PLE0,PLI0,P091,E023
UNT_0007_001,F184,ME3,F184 MIRANDOLA,UNT_LSTR,SI-CL0101,SI-CL0300,20,100,SRF_0006_001,SRF_0007_001,MES0,MES0,P082,E094
UNT_0008_001,F184,Eoc-Me,F184 MIRANDOLA,UNT_LSTR,RS-CA0108,RS-CA0107,34,100,SRF_0007_001,SRF_0008_001,LUT0,LUT0,P009,E138
UNT_0009_001,F184,J-Eoc,F184 MIRANDOLA,UNT_LSTR,RS-CA0100,RS-CA0106,47,100,SRF_0008_001,SRF_0009_001,AAL0,J002,P082,E105
UNT_0010_001,F184,TR-J,F184 MIRANDOLA,UNT_LSTR,RS-CA0200,RS-CA0204,51,100,SRF_0009_001,SRF_0010_001,J002,CRN0,P008,E105
UNT_0011_001,F185,PER-TR,F185 FERRARA,UNT_LSTR,RO-000000,RS-CL0407,53,100,SRF_0010_001,nd,CRN0,GUD0,P082,E115
