id,code_model,net_slip,net_slip_uom,hor_throw,hor_throw_uom,heave,heave_uom,ver_throw,ver_throw_uom,str_slip,str_slip_uom,dip_slip,dip_slip_uom,rake,rake_uom,pitch,pitch_uom
FLT_0001_001,F184,,mm,,mm,,mm,,mm,,mm,,mm,,deg,,deg
FLT_0002_001,F184,,mm,,mm,,mm,,mm,,mm,,mm,,deg,,deg
FLT_0002_002,F184,,mm,,mm,,mm,,mm,,mm,,mm,,deg,,deg
FLT_0002_003,F184,,mm,,mm,,mm,,mm,,mm,,mm,,deg,,deg
FLT_0003_001,F184,,mm,,mm,,mm,,mm,,mm,,mm,,deg,,deg
FLT_0003_002,F184,,mm,,mm,,mm,,mm,,mm,,mm,,deg,,deg
FLT_0003_003,F184,,mm,,mm,,mm,,mm,,mm,,mm,,deg,,deg
