id,code_model,name_surface,name_model,type_contact,color_surface,color_tone,age_min_surface,age_max_surface,evaluation_method,observation_method,id_ref_unit_up,id_ref_unit_down
SRF_0001_001,F184,b_AES,F184 MIRANDOLA,UN_ST,11,50,PLE2,PLE2,M001,S009,UNT_0001_001,UNT_0002_001
SRF_0002_001,F184,b_AEI,F184 MIRANDOLA,UN_ST,11,70,PLE2,PLE2,M001,S003,UNT_0002_001,UNT_0003_001
SRF_0003_001,F184,b_IMO,F184 MIRANDOLA,UN_ST,11,100,PLE1,PLE2,M001,S003,UNT_0003_001,UNT_0004_001
SRF_0004_001,F184,b_QM,F184 MIRANDOLA,UN_ST,12,100,PLE1,PLE1,M001,S003,UNT_0004_001,UNT_0005_001
SRF_0005_001,F184,b_PLS,F184 MIRANDOLA,UN_ST,15,100,PLE0,PLE0,M001,S003,UNT_0005_001,UNT_0006_001
SRF_0006_001,F184,b_PLu,F184 MIRANDOLA,UN_ST,19,100,PLI0,PLE0,M001,S003,UNT_0006_001,UNT_0007_001
SRF_0007_001,F184,b_ME3,F184 MIRANDOLA,UN_ST,20,100,MES0,MES0,M001,S009,UNT_0007_001,UNT_0008_001
SRF_0008_001,F184,t_SCA,F184 MIRANDOLA,CT_DEPOS,34,100,LUT0,LUT0,M001,S009,UNT_0008_001,UNT_0009_001
SRF_0009_001,F184,t_JINF,F184 MIRANDOLA,CT_DEPOS,47,100,AAL0,AAL0,M001,S009,UNT_0009_001,UNT_0010_001
SRF_0010_001,F184,Teu,F184 MIRANDOLA,UN_ST,51,100,CRN0,CRN0,M001,S009,UNT_0010_001,nd
