id,code_model,name_fault,name_model,name_system,type_fault,color_fault,color_tone,evaluation_method,observation_method,active_fault,seismogenic_fault,capable_fault
FLT_0001_001,F184,Cavone_1,F184 MIRANDOLA,Cavone,FAULT_LT,800,100,M001,S009,TRUE,nd,nd
FLT_0002_001,F184,PoggioRusco_2,F184 MIRANDOLA,Poggio Rusco,FAULT_LT,800,70,M001,S003,TRUE,nd,nd
FLT_0002_002,F184,PoggioRusco_2b1,F184 MIRANDOLA,Poggio Rusco,FAULT_AN,100,70,M001,S003,TRUE,nd,nd
FLT_0002_003,F184,PoggioRusco_2b2,F184 MIRANDOLA,Poggio Rusco,FAULT_AN,100,50,M001,S003,TRUE,nd,nd
FLT_0003_001,F184,Sermide_3,F184 MIRANDOLA,Sermide,FAULT_LT,800,50,M001,S003,TRUE,nd,nd
FLT_0003_002,F184,Sermide_3b,F184 MIRANDOLA,Sermide,FAULT_AN,100,50,M001,S003,TRUE,nd,nd
FLT_0003_003,F184,Sermide_4,F184 MIRANDOLA,Sermide,FAULT_LT,800,30,M001,S003,TRUE,nd,nd
