TYPE,CODE,URL
faulted contact,CT_TECT,https://w3id.org/italia/env/vocab/geo/typeFaults/faultedContact
synmetamorphic tectonic contact,CT_SMETA,https://w3id.org/italia/env/vocab/geo/typeFaults/synmetamorphicTectonicContact
fault,FAULT,https://w3id.org/italia/env/vocab/geo/typeFaults/fault
normal fault,FAULT_N,https://w3id.org/italia/env/vocab/geo/typeFaults/normalFault
reverse fault,FAULT_T,https://w3id.org/italia/env/vocab/geo/typeFaults/reverseFault
rotational growth fault,FAULT_GR,https://w3id.org/italia/env/vocab/geo/typeFaults/rotationalGrowthFault
dextral strike slip fault,FAULT_DX,https://w3id.org/italia/env/vocab/geo/typeFaults/dextralStrikeSlipFault
sinistral strike slip fault,FAULT_SX,https://w3id.org/italia/env/vocab/geo/typeFaults/sinistralStrikeSlipFault
strike slip fault,FAULT_SS,https://w3id.org/italia/env/vocab/geo/typeFaults/strikeSlipFault
synsedimentary fault,FAULT_SD,https://w3id.org/italia/env/vocab/geo/typeFaults/synsedimentaryFault
right normal fault,FAULT_ND,https://w3id.org/italia/env/vocab/geo/typeFaults/rightNormalFault
left normal fault,FAULT_NS,https://w3id.org/italia/env/vocab/geo/typeFaults/leftNormalFault
right reverse fault,FAULT_TD,https://w3id.org/italia/env/vocab/geo/typeFaults/rightReverseFault
left reverse fault,FAULT_TS,https://w3id.org/italia/env/vocab/geo/typeFaults/leftReverseFault
thrust fault,FAULT_LT,https://w3id.org/italia/env/vocab/geo/typeFaults/thrustFault
main thrust fault,FAULT_RG,https://w3id.org/italia/env/vocab/geo/typeFaults/mainThrustFault
secondary thrust fault,FAULT_LC,https://w3id.org/italia/env/vocab/geo/typeFaults/secondaryThrustFault
antithetic fault,FAULT_AN,https://w3id.org/italia/env/vocab/geo/typeFaults/antitheticFault
extraction fault,FAULT_EX,https://w3id.org/italia/env/vocab/geo/typeFaults/extractionFault
oblique slip fault,FAULT_OB,https://w3id.org/italia/env/vocab/geo/typeFaults/obliqueSlipFault
scissor fault,FAULT_SC,https://w3id.org/italia/env/vocab/geo/typeFaults/scissorFault
detachment fault,FAULT_DC,https://w3id.org/italia/env/vocab/geo/typeFaults/detachmentFault
wrench fault,FAULT_WR,https://w3id.org/italia/env/vocab/geo/typeFaults/wrenchFault
