TYPE,CODE,URL
geologic unit,UNT_GEO,https://w3id.org/italia/env/vocab/geo/typeGeologicUnits/geologicUnit
unconformity bounded unit,UNT_UBSU,https://w3id.org/italia/env/vocab/geo/typeGeologicUnits/unconformityBoundedUnit
chronostratigraphic unit,UNT_CRON,https://w3id.org/italia/env/vocab/geo/typeGeologicUnits/chronostratigraphicUnit
geophysical unit,UNT_GEOF,https://w3id.org/italia/env/vocab/geo/typeGeologicUnits/geophysicalUnit
lithologic unit,UNT_LITO,https://w3id.org/italia/env/vocab/geo/typeGeologicUnits/lithologicUnit
stratigraphic unit,UNT_STR,https://w3id.org/italia/env/vocab/geo/typeGeologicUnits/stratigraphicUnit
lithostratigrafic unit,UNT_LSTR,https://w3id.org/italia/env/vocab/geo/typeGeologicUnits/lithostratigraficUnit
tectonic unit,UNT_TETT,https://w3id.org/italia/env/vocab/geo/typeGeologicUnits/tectonicUnit
tectono-metamorphic unit,UNT_META,https://w3id.org/italia/env/vocab/geo/typeGeologicUnits/tectonoMetamorphicUnit
tectono-stratigraphic unit,UNT_TSTR,https://w3id.org/italia/env/vocab/geo/typeGeologicUnits/tectonoStratigraphicUnit
