CODE,TYPE,URL
CT_LT,lithogenetic contact,https://w3id.org/italia/env/vocab/geo/contactTypes/lithogeneticContact
CT_FACIES,sedimentary facies contact,https://w3id.org/italia/env/vocab/geo/contactTypes/sedimentaryFaciesContact
CT_DEPOS,depositional contact,https://w3id.org/italia/env/vocab/geo/contactTypes/depositionalContact
UN_ST,unconformable contact,https://w3id.org/italia/env/vocab/geo/contactTypes/unconformableContact
UN_ANG,angular unconformable contact,https://w3id.org/italia/env/vocab/geo/contactTypes/angularUnconformableContact
UN_PARA,paraconformable contact,https://w3id.org/italia/env/vocab/geo/contactTypes/paraconformableContact
UN_NONC,nonconformable contact,https://w3id.org/italia/env/vocab/geo/contactTypes/nonconformableContact
UN_DISC,disconformable contact,https://w3id.org/italia/env/vocab/geo/contactTypes/disconformableContact
UN_BUTT,buttress unconformity,https://w3id.org/italia/env/vocab/geo/contactTypes/buttressUnconformity
