TYPE,CODE,URL
PRECAMBRIANO,PC00,http://resource.geosciml.org/classifier/ics/ischart/Precambrian
HADEANO (inf.),HAD0,http://resource.geosciml.org/classifier/ics/ischart/Hadean
ARCHEANO,AR00,http://resource.geosciml.org/classifier/ics/ischart/Archean
PROTEROZOICO,PR00,http://resource.geosciml.org/classifier/ics/ischart/Proterozoic
FANEROZOICO,F000,http://resource.geosciml.org/classifier/ics/ischart/Phanerozoic
EOARCHEANO,AR01,http://resource.geosciml.org/classifier/ics/ischart/Eoarchean
PALEOARCHEANO,AR02,http://resource.geosciml.org/classifier/ics/ischart/Paleoarchean
MESOARCHEANO,AR03,http://resource.geosciml.org/classifier/ics/ischart/Mesoarchean
NEOARCHEANO,AR04,http://resource.geosciml.org/classifier/ics/ischart/Neoarchean
PALEOPROTEROZOICO,PLZ0,http://resource.geosciml.org/classifier/ics/ischart/Paleoproterozoic
MESOPROTEROZOICO,MSP0,http://resource.geosciml.org/classifier/ics/ischart/Mesoproterozoic
NEOPROTEROZOICO,NPR0,http://resource.geosciml.org/classifier/ics/ischart/Neoproterozoic
PALEOZOICO,PZ00,http://resource.geosciml.org/classifier/ics/ischart/Paleozoic
MESOZOICO,MZ00,http://resource.geosciml.org/classifier/ics/ischart/Mesozoic
CENOZOICO,CZ00,http://resource.geosciml.org/classifier/ics/ischart/Cenozoic
SIDERIANO,SID0,http://resource.geosciml.org/classifier/ics/ischart/Siderian
RHYACIANO,RHY0,http://resource.geosciml.org/classifier/ics/ischart/Rhyacian
OROSIRIANO,ORR0,http://resource.geosciml.org/classifier/ics/ischart/Orosirian
STATHERIANO,STH0,http://resource.geosciml.org/classifier/ics/ischart/Statherian
CALYMMIANO,CAM0,http://resource.geosciml.org/classifier/ics/ischart/calymmian
ECTASIANO,ECT0,http://resource.geosciml.org/classifier/ics/ischart/Ectasian
STENIANO,STN0,http://resource.geosciml.org/classifier/ics/ischart/Stenian
TONIANO,TNN0,http://resource.geosciml.org/classifier/ics/ischart/Tonian
CRYOGENIANO,CRY0,http://resource.geosciml.org/classifier/ics/ischart/Cryogenian
EDIACARANO,EDI0,http://resource.geosciml.org/classifier/ics/ischart/Ediacaran
CAMBRIANO,C000,http://resource.geosciml.org/classifier/ics/ischart/Cambrian
ORDOVICIANO,O000,http://resource.geosciml.org/classifier/ics/ischart/Ordovician
SILURIANO,S000,http://resource.geosciml.org/classifier/ics/ischart/Silurian
DEVONIANO,D000,http://resource.geosciml.org/classifier/ics/ischart/Devonian
CARBONIFERO,CR00,http://resource.geosciml.org/classifier/ics/ischart/Carboniferous
PERMIANO,P000,http://resource.geosciml.org/classifier/ics/ischart/Permian
TRIASSICO,TR00,http://resource.geosciml.org/classifier/ics/ischart/Triassic
GIURASSICO,J000,http://resource.geosciml.org/classifier/ics/ischart/Jurassic
CRETACICO,K000,http://resource.geosciml.org/classifier/ics/ischart/Cretaceous
PALEOGENE,PG00,http://resource.geosciml.org/classifier/ics/ischart/Paleogene
NEOGENE,NG00,http://resource.geosciml.org/classifier/ics/ischart/Neogene
QUATERNARIO,Q000,http://resource.geosciml.org/classifier/ics/ischart/Quaternary
TERRENEUVIANO,TEN0,http://resource.geosciml.org/classifier/ics/ischart/Terreneuvian
SERIE 2,SERIE2,http://resource.geosciml.org/classifier/ics/ischart/CambrianSeries2
MIAOLINGIANO,MIA0,http://resource.geosciml.org/classifier/ics/ischart/Miaolingian
FURONGIANO,FUR0,http://resource.geosciml.org/classifier/ics/ischart/Furongian
ORDOVICIANO INFERIORE,O001,http://resource.geosciml.org/classifier/ics/ischart/LowerOrdovician
ORDOVICIANO MEDIO,O002,http://resource.geosciml.org/classifier/ics/ischart/MiddleOrdovician
ORDOVICIANO SUPERIORE,O003,http://resource.geosciml.org/classifier/ics/ischart/UpperOrdovician
LLANDOVERY,LLY0,http://resource.geosciml.org/classifier/ics/ischart/Llandovery
WENLOCK,WEN0,http://resource.geosciml.org/classifier/ics/ischart/Wenlock
LUDLOW,LUD0,http://resource.geosciml.org/classifier/ics/ischart/Ludlow
PRIDOLI,PRD0,http://resource.geosciml.org/classifier/ics/ischart/Pridoli
DEVONIANO INFERIORE,D001,http://resource.geosciml.org/classifier/ics/ischart/LowerDevonian
DEVONIANO MEDIO,D002,http://resource.geosciml.org/classifier/ics/ischart/MiddleDevonian
DEVONIANO SUPERIORE,D003,http://resource.geosciml.org/classifier/ics/ischart/UpperDevonian
MISSISSIPPIANO,MIS0,http://resource.geosciml.org/classifier/ics/ischart/Mississippian
MISSISSIPPIANO INFERIORE,MIS1,http://resource.geosciml.org/classifier/ics/ischart/LowerMississippian
MISSISSIPPIANO MEDIO,MIS2,http://resource.geosciml.org/classifier/ics/ischart/MiddleMississippian
MISSISSIPPIANO SUPERIORE,MIS3,http://resource.geosciml.org/classifier/ics/ischart/UpperMississippian
PENNSYLVANIANO,PEN0,http://resource.geosciml.org/classifier/ics/ischart/Pennsylvanian
PENNSYLVANIANO INFERIORE,PEN1,http://resource.geosciml.org/classifier/ics/ischart/LowerPennsylvanian
PENNSYLVANIANO MEDIO,PEN2,http://resource.geosciml.org/classifier/ics/ischart/MiddlePennsylvanian
PENNSYLVANIANO SUPERIORE,PEN3,http://resource.geosciml.org/classifier/ics/ischart/UpperPennsylvanian
CISULARIANO,CIS0,http://resource.geosciml.org/classifier/ics/ischart/Cisuralian
GUADALUPIANO,GUD0,http://resource.geosciml.org/classifier/ics/ischart/Guadalupian
LOPINGIANO,LOP0,http://resource.geosciml.org/classifier/ics/ischart/Lopingian
TRIASSICO INFERIORE,TR01,http://resource.geosciml.org/classifier/ics/ischart/LowerTriassic
TRIASSICO MEDIO,TR02,http://resource.geosciml.org/classifier/ics/ischart/MiddleTriassic
TRIASSICO SUPERIORE,TR03,http://resource.geosciml.org/classifier/ics/ischart/UpperTriassic
GIURASSICO INFERIORE,J001,http://resource.geosciml.org/classifier/ics/ischart/LowerJurassic
GIURASSICO MEDIO,J002,http://resource.geosciml.org/classifier/ics/ischart/MiddleJurassic
GIURASSICO SUPERIORE,J003,http://resource.geosciml.org/classifier/ics/ischart/UpperJurassic
CRETACICO INFERIORE,K001,http://resource.geosciml.org/classifier/ics/ischart/LowerCretaceous
CRETACICO SUPERIORE,K002,http://resource.geosciml.org/classifier/ics/ischart/UpperCretaceous
PALEOCENE,PAL0,http://resource.geosciml.org/classifier/ics/ischart/Paleocene
EOCENE,EOC0,http://resource.geosciml.org/classifier/ics/ischart/Eocene
OLIGOCENE,OLI0,http://resource.geosciml.org/classifier/ics/ischart/Oligocene
MIOCENE,MIO0,http://resource.geosciml.org/classifier/ics/ischart/Miocene
MIOCENE INFERIORE,MIO1,http://resource.geosciml.org/classifier/ics/ischart/Miocene
MIOCENE MEDIO,MIO2,http://resource.geosciml.org/classifier/ics/ischart/Miocene
MIOCENE SUPERIORE,MIO3,http://resource.geosciml.org/classifier/ics/ischart/Miocene
PLIOCENE,PLI0,http://resource.geosciml.org/classifier/ics/ischart/Pliocene
PLIOCENE INFERIORE,PLI1,http://resource.geosciml.org/classifier/ics/ischart/Zanclean
PLIOCENE SUPERIORE,PLI3,http://resource.geosciml.org/classifier/ics/ischart/Gelasian
PLEISTOCENE,PLE0,http://resource.geosciml.org/classifier/ics/ischart/Pleistocene
PLEISTOCENE INFERIORE,PLE1,http://resource.geosciml.org/classifier/ics/ischart/Calabrian
PLEISTOCENE MEDIO,PLE2,http://resource.geosciml.org/classifier/ics/ischart/MiddlePleistocene
PLEISTOCENE SUPERIORE,PLE3,http://resource.geosciml.org/classifier/ics/ischart/Pleistocene
OLOCENE,HOL0,http://resource.geosciml.org/classifier/ics/ischart/Holocene
OLOCENE INFERIORE,HOL1,http://resource.geosciml.org/classifier/ics/ischart/Holocene
OLOCENE MEDIO,HOL2,http://resource.geosciml.org/classifier/ics/ischart/Holocene
OLOCENE SUPERIORE,HOL3,http://resource.geosciml.org/classifier/ics/ischart/Holocene
FORTUNIANO,FOR0,http://resource.geosciml.org/classifier/ics/ischart/Fortunian
PIANO 2,PIANO2,http://resource.geosciml.org/classifier/ics/ischart/CambrianStage2
PIANO 3,PIANO3,http://resource.geosciml.org/classifier/ics/ischart/CambrianStage3
PIANO 4,PIANO4,http://resource.geosciml.org/classifier/ics/ischart/CambrianStage4
WULIUANO,WUL0,http://resource.geosciml.org/classifier/ics/ischart/Wuliuan
DRUMIANO,DRU0,http://resource.geosciml.org/classifier/ics/ischart/Drumian
GUZHANGIANO,GUZ0,http://resource.geosciml.org/classifier/ics/ischart/Guzhangian
PAIBIANO,PAI0,http://resource.geosciml.org/classifier/ics/ischart/Paibian
JIANGSHANIANO,JIA0,http://resource.geosciml.org/classifier/ics/ischart/Jiangshanian
PIANO 10,PIANO10,http://resource.geosciml.org/classifier/ics/ischart/CambrianStage10
TREMADOCIANO,TRE0,http://resource.geosciml.org/classifier/ics/ischart/Tremadocian
FLOIANO,FLI0,http://resource.geosciml.org/classifier/ics/ischart/Floian
DAPINGIANO,DAP0,http://resource.geosciml.org/classifier/ics/ischart/Dapingian
DARRIWILIANO,DAR0,http://resource.geosciml.org/classifier/ics/ischart/Darriwilian
SANDBIANO,SAD0,http://resource.geosciml.org/classifier/ics/ischart/Sandbian
KATIANO,KAA0,http://resource.geosciml.org/classifier/ics/ischart/Katian
HIRNANTIANO,HIR0,http://resource.geosciml.org/classifier/ics/ischart/Hirnantian
RHUDDANIANO,RHU0,http://resource.geosciml.org/classifier/ics/ischart/Rhuddanian
AERONIANO,AER0,http://resource.geosciml.org/classifier/ics/ischart/Aeronian
TELYCHIANO,TEL0,http://resource.geosciml.org/classifier/ics/ischart/Telychian
SHEINWOODIANO,SHE0,http://resource.geosciml.org/classifier/ics/ischart/Sheinwoodian
HOMERIANO,HOM0,http://resource.geosciml.org/classifier/ics/ischart/Homerian
GORSTIANO,GOR0,http://resource.geosciml.org/classifier/ics/ischart/Gorstian
LUDFORDIANO,LDF0,http://resource.geosciml.org/classifier/ics/ischart/Ludfordian
LOCHKOVIANO,LOK0,http://resource.geosciml.org/classifier/ics/ischart/Lochkovian
PRAGIANO,PRA0,http://resource.geosciml.org/classifier/ics/ischart/Pragian
EMSIANO,EMS0,http://resource.geosciml.org/classifier/ics/ischart/Emsian
EIFELIANO,EIF0,http://resource.geosciml.org/classifier/ics/ischart/Eifelian
GIVETIANO,GIV0,http://resource.geosciml.org/classifier/ics/ischart/Givetian
FRASNIANO,FRS0,http://resource.geosciml.org/classifier/ics/ischart/Frasnian
FAMENNIANO,FAM0,http://resource.geosciml.org/classifier/ics/ischart/Famennian
TOURNAISIANO,TOU0,http://resource.geosciml.org/classifier/ics/ischart/Tournaisian
VISEANO,VIS0,http://resource.geosciml.org/classifier/ics/ischart/Visean
SERPUKHOVIANO,SPK0,http://resource.geosciml.org/classifier/ics/ischart/Serpukhovian
BASHKIRIANO,BSK0,http://resource.geosciml.org/classifier/ics/ischart/Bashkirian
MOSCOVIANO,MOS0,http://resource.geosciml.org/classifier/ics/ischart/Moscovian
KASIMOVIANO,KAS0,http://resource.geosciml.org/classifier/ics/ischart/Kasimovian
GZHELIANO,GZE0,http://resource.geosciml.org/classifier/ics/ischart/Gzhelian
ASSELIANO,ASS0,http://resource.geosciml.org/classifier/ics/ischart/Asselian
SAKMARIANO,SAK0,http://resource.geosciml.org/classifier/ics/ischart/Sakmarian
ARTINSKIANO,ART0,http://resource.geosciml.org/classifier/ics/ischart/Artinskian
KUNGURIANO,KUN0,http://resource.geosciml.org/classifier/ics/ischart/Kungurian
ROADIANO,ROA0,http://resource.geosciml.org/classifier/ics/ischart/Roadian
WORDIANO,WOR0,http://resource.geosciml.org/classifier/ics/ischart/Wordian
CAPITANIANO,CAP0,http://resource.geosciml.org/classifier/ics/ischart/Capitanian
WUCHIAPINGIANO,WUC0,http://resource.geosciml.org/classifier/ics/ischart/Wuchiapingian
CHANGHSINGIANO,CHG0,http://resource.geosciml.org/classifier/ics/ischart/Changhsingian
INDUANO,IND0,http://resource.geosciml.org/classifier/ics/ischart/Induan
OLENEKIANO,OLE0,http://resource.geosciml.org/classifier/ics/ischart/Olenekian
ANISICO,ANS0,http://resource.geosciml.org/classifier/ics/ischart/Anisian
LADINICO,LAD0,http://resource.geosciml.org/classifier/ics/ischart/Ladinian
CARNICO,CRN0,http://resource.geosciml.org/classifier/ics/ischart/Carnian
NORICO,NOR0,http://resource.geosciml.org/classifier/ics/ischart/Norian
RETICO,RHT0,http://resource.geosciml.org/classifier/ics/ischart/Rhaetian
HETTANGIANO,HET0,http://resource.geosciml.org/classifier/ics/ischart/Hettangian
SINEMURIANO,SIN0,http://resource.geosciml.org/classifier/ics/ischart/Sinemurian
PLIENSBACHIANO,PLB0,http://resource.geosciml.org/classifier/ics/ischart/Pliensbachian
TOARCIANO,TOA0,http://resource.geosciml.org/classifier/ics/ischart/Toarcian
AALENIANO,AAL0,http://resource.geosciml.org/classifier/ics/ischart/Aalenian
BAJOCIANO,BAJ0,http://resource.geosciml.org/classifier/ics/ischart/Bajocian
BATHONIANO,BTH0,http://resource.geosciml.org/classifier/ics/ischart/Bathonian
CALLOVIANO,CLV0,http://resource.geosciml.org/classifier/ics/ischart/Callovian
OXFORDIANO,OXF0,http://resource.geosciml.org/classifier/ics/ischart/Oxfordian
KIMMERIDGIANO,KIM0,http://resource.geosciml.org/classifier/ics/ischart/Kimmeridgian
TITONIANO,TTO0,http://resource.geosciml.org/classifier/ics/ischart/Tithonian
BERRIASIANO,BER0,http://resource.geosciml.org/classifier/ics/ischart/Berriasian
VALANGINIANO,VLG0,http://resource.geosciml.org/classifier/ics/ischart/Valanginian
HAUTERIVIANO,HAU0,http://resource.geosciml.org/classifier/ics/ischart/Hauterivian
BARREMIANO,BRM0,http://resource.geosciml.org/classifier/ics/ischart/Barremian
APTIANO,APT0,http://resource.geosciml.org/classifier/ics/ischart/Aptian
ALBIANO,ALB0,http://resource.geosciml.org/classifier/ics/ischart/Albian
CENOMANIANO,CEN0,http://resource.geosciml.org/classifier/ics/ischart/Cenomanian
TURONIANO,TUR0,http://resource.geosciml.org/classifier/ics/ischart/Turonian
CONIACIANO,CON0,http://resource.geosciml.org/classifier/ics/ischart/Coniacian
SANTONIANO,SAN0,http://resource.geosciml.org/classifier/ics/ischart/Santonian
CAMPANIANO,CMP0,http://resource.geosciml.org/classifier/ics/ischart/Campanian
MAASTRICHTIANO,MAA0,http://resource.geosciml.org/classifier/ics/ischart/Maastrichtian
DANIANO,DAN0,http://resource.geosciml.org/classifier/ics/ischart/Danian
SELANDIANO,SEL0,http://resource.geosciml.org/classifier/ics/ischart/Selandian
THANETIANO,THA0,http://resource.geosciml.org/classifier/ics/ischart/Thanetian
YPRESIANO,YPR0,http://resource.geosciml.org/classifier/ics/ischart/Ypresian
LUTEZIANO,LUT0,http://resource.geosciml.org/classifier/ics/ischart/Lutetian
BARTONIANO,BRT0,http://resource.geosciml.org/classifier/ics/ischart/Bartonian
PRIABONIANO,PRB0,http://resource.geosciml.org/classifier/ics/ischart/Priabonian
RUPELIANO,RUP0,http://resource.geosciml.org/classifier/ics/ischart/Rupelian
CHATTIANO,CHT0,http://resource.geosciml.org/classifier/ics/ischart/chattian
AQUITANIANO,AQT0,http://resource.geosciml.org/classifier/ics/ischart/Aquitanian
BURDIGALIANO,BUR0,http://resource.geosciml.org/classifier/ics/ischart/Burdigalian
LANGHIANO,LAN0,http://resource.geosciml.org/classifier/ics/ischart/Langhian
SERRAVALLIANO,SRV0,http://resource.geosciml.org/classifier/ics/ischart/Serravallian
TORTONIANO,TOR0,http://resource.geosciml.org/classifier/ics/ischart/Tortonian
MESSINIANO,MES0,http://resource.geosciml.org/classifier/ics/ischart/Messinian
ZANCLEANO,ZAN0,http://resource.geosciml.org/classifier/ics/ischart/Zanclean
PIACENZIANO,PIA0,http://resource.geosciml.org/classifier/ics/ischart/Piacenzian
GELASIANO,GEL0,http://resource.geosciml.org/classifier/ics/ischart/Gelasian
CALABRIANO,CAL0,http://resource.geosciml.org/classifier/ics/ischart/Calabrian
CHIBANIANO,CHI0,http://resource.geosciml.org/classifier/ics/ischart/BaseMiddlePleistocene
PLEISTOCENE SUPERIORE,PLE3,http://resource.geosciml.org/classifier/ics/ischart/Pleistocene
GREENLANDIANO,GRE0,http://resource.geosciml.org/classifier/ics/ischart/Greenlandian
NORTHGRIPPIANO,NGR0,http://resource.geosciml.org/classifier/ics/ischart/Northgrippian
MEGHALAYANO,MEG0,http://resource.geosciml.org/classifier/ics/ischart/Meghalayan
