TYPE,CODE,URL
1D resistivity survey,S001,
2D resistivity survey,S002,
2D seismic survey,S003,https://inspire.ec.europa.eu/codelist/SurveyTypeValue/2DSeismicSurvey
3D seismic survey,S004,https://inspire.ec.europa.eu/codelist/SurveyTypeValue/3DSeismicSurvey
3D resistivity survey,S005,
airborne geophysical survey,S006,https://inspire.ec.europa.eu/layer/GE.AirborneGeophysicalSurvey
ground magnetic survey,S007,https://inspire.ec.europa.eu/layer/GE.GroundMagneticSurvey
ground gravity survey,S008,https://inspire.ec.europa.eu/codelist/SurveyTypeValue/groundGravitySurvey
borehole logging survey,S009,https://inspire.ec.europa.eu/layer/GE.BoreholeLoggingSurvey
CPT survey,S010,https://cgi.vocabs.ga.gov.au/object?uri=http%3A//resource.geosciml.org/classifier/cgi/boreholedrillingmethod/cone_penetrometer_test_probe
frequency domain EM Survey,S011,https://inspire.ec.europa.eu/layer/GE.FrequencyDomainEMSounding
georadar survey,S012,
magnetotelluric survey,S013,https://inspire.ec.europa.eu/layer/GE.MagnetotelluricSurvey
seismological survey,S014,
sonar survey,S015,
time-domain EM survey,S016,
VSP survey,S017,https://inspire.ec.europa.eu/layer/GE.VspSurvey
observed borehole material,S018,http://resource.geosciml.org/classifier/cgi/mappedfeatureobservationmethod/observed_borehole_material
observed outcrop,S019,http://resource.geosciml.org/classifier/cgi/mappedfeatureobservationmethod/observed_outcrop
inferred projection between observed locations,S020,http://resource.geosciml.org/classifier/cgi/mappedfeatureobservationmethod/inferred_projection__observed_locations
