CODE,DESCR,URL
P001,accretion,http://inspire.ec.europa.eu/codelist/EventProcessValue/accretion
P002,alteration,http://inspire.ec.europa.eu/codelist/EventProcessValue/alteration
P003,biological precipitation,http://inspire.ec.europa.eu/codelist/EventProcessValue/biologicalPrecipitation
P004,biological weathering,http://inspire.ec.europa.eu/codelist/EventProcessValue/biologicalWeathering
P005,bolide impact,http://inspire.ec.europa.eu/codelist/EventProcessValue/bolideImpact
P006,casting,http://inspire.ec.europa.eu/codelist/EventProcessValue/casting
P007,chemical precipitation,http://inspire.ec.europa.eu/codelist/EventProcessValue/chemicalPrecipitation
P008,chemical weathering,http://inspire.ec.europa.eu/codelist/EventProcessValue/chemicalWeathering
P009,cometary impact,http://inspire.ec.europa.eu/codelist/EventProcessValue/cometaryImpact
P010,contact metamorphism,http://inspire.ec.europa.eu/codelist/EventProcessValue/contactMetamorphism
P011,continental breakup,http://inspire.ec.europa.eu/codelist/EventProcessValue/continentalBreakup
P012,continental collision,http://inspire.ec.europa.eu/codelist/EventProcessValue/continentalCollision
P013,cryoturbation,http://inspire.ec.europa.eu/codelist/EventProcessValue/cryoturbation
P014,debris flow deposition,http://inspire.ec.europa.eu/codelist/EventProcessValue/debrisFlowDeposition
P015,deep ploughing,http://inspire.ec.europa.eu/codelist/EventProcessValue/deepPloughing
P016,deep water oxygen depletion,http://inspire.ec.europa.eu/codelist/EventProcessValue/deepWaterOxygenDepletion
P017,deformation,http://inspire.ec.europa.eu/codelist/EventProcessValue/deformation
P018,deformation twinning,http://inspire.ec.europa.eu/codelist/EventProcessValue/deformationTwinning
P019,deluviation,http://inspire.ec.europa.eu/codelist/EventProcessValue/deluviation
P020,deposition,http://inspire.ec.europa.eu/codelist/EventProcessValue/deposition
P021,deposition by or from moving ice,http://inspire.ec.europa.eu/codelist/EventProcessValue/depositionByOrFromMovingIce
P022,deposition from air,http://inspire.ec.europa.eu/codelist/EventProcessValue/depositionFromAir
P023,deposition from fluid,http://inspire.ec.europa.eu/codelist/EventProcessValue/depositionFromFluid
P024,deposition from moving fluid,http://inspire.ec.europa.eu/codelist/EventProcessValue/depositionFromMovingFluid
P025,deposition from water,http://inspire.ec.europa.eu/codelist/EventProcessValue/depositionFromWater
P026,diagenetic process,http://inspire.ec.europa.eu/codelist/EventProcessValue/diageneticProcess
P027,diffusion creep,http://inspire.ec.europa.eu/codelist/EventProcessValue/diffusionCreep
P028,digging,http://inspire.ec.europa.eu/codelist/EventProcessValue/digging
P029,dislocation metamorphism,http://inspire.ec.europa.eu/codelist/EventProcessValue/dislocationMetamorphism
P030,dissolution,http://inspire.ec.europa.eu/codelist/EventProcessValue/dissolution
P031,dissolution creep,http://inspire.ec.europa.eu/codelist/EventProcessValue/dissolutionCreep
P032,ductile flow,http://inspire.ec.europa.eu/codelist/EventProcessValue/ductileFlow
P033,dumping,http://inspire.ec.europa.eu/codelist/EventProcessValue/dumping
P034,effusive eruption,http://inspire.ec.europa.eu/codelist/EventProcessValue/effusiveEruption
P035,erosion,http://inspire.ec.europa.eu/codelist/EventProcessValue/erosion
P036,eruption,http://inspire.ec.europa.eu/codelist/EventProcessValue/eruption
P037,excavation,http://inspire.ec.europa.eu/codelist/EventProcessValue/excavation
P038,extinction,http://inspire.ec.europa.eu/codelist/EventProcessValue/extinction
P039,faulting,http://inspire.ec.europa.eu/codelist/EventProcessValue/faulting
P040,folding,http://inspire.ec.europa.eu/codelist/EventProcessValue/folding
P041,fracturing,http://inspire.ec.europa.eu/codelist/EventProcessValue/fracturing
P042,frost shattering,http://inspire.ec.europa.eu/codelist/EventProcessValue/frostShattering
P043,geologic process,http://inspire.ec.europa.eu/codelist/EventProcessValue/geologicProcess
P044,geomagnetic process,http://inspire.ec.europa.eu/codelist/EventProcessValue/geomagneticProcess
P045,grading,http://inspire.ec.europa.eu/codelist/EventProcessValue/grading
P046,haloclasty,http://inspire.ec.europa.eu/codelist/EventProcessValue/haloclasty
P047,hawaiian eruption,http://inspire.ec.europa.eu/codelist/EventProcessValue/hawaiianEruption
P048,human activity,http://inspire.ec.europa.eu/codelist/EventProcessValue/humanActivity
P049,hydration,http://inspire.ec.europa.eu/codelist/EventProcessValue/hydration
P050,hydrolysis,http://inspire.ec.europa.eu/codelist/EventProcessValue/hydrolysis
P051,ice erosion,http://inspire.ec.europa.eu/codelist/EventProcessValue/iceErosion
P052,in-situ organismic growth,http://inspire.ec.europa.eu/codelist/EventProcessValue/inSituOrganismicGrowth
P053,intrusion,http://inspire.ec.europa.eu/codelist/EventProcessValue/intrusion
P054,magmatic crystallisation,http://inspire.ec.europa.eu/codelist/EventProcessValue/magmaticCrystallisation
P055,magmatic process,http://inspire.ec.europa.eu/codelist/EventProcessValue/magmaticProcess
P056,magnetic field reversal,http://inspire.ec.europa.eu/codelist/EventProcessValue/magneticFieldReversal
P057,mass wasting,http://inspire.ec.europa.eu/codelist/EventProcessValue/massWasting
P058,mass wasting deposition,http://inspire.ec.europa.eu/codelist/EventProcessValue/massWastingDeposition
P059,material transport and deposition,http://inspire.ec.europa.eu/codelist/EventProcessValue/materialTransportAndDeposition
P060,mechanical deposition,http://inspire.ec.europa.eu/codelist/EventProcessValue/mechanicalDeposition
P061,melting,http://inspire.ec.europa.eu/codelist/EventProcessValue/melting
P062,metamorphic process,http://inspire.ec.europa.eu/codelist/EventProcessValue/metamorphicProcess
P063,meteorite impact,http://inspire.ec.europa.eu/codelist/EventProcessValue/meteoriteImpact
P064,microfracturing,http://inspire.ec.europa.eu/codelist/EventProcessValue/microfracturing
P065,mixing,http://inspire.ec.europa.eu/codelist/EventProcessValue/mixing
P066,obduction,http://inspire.ec.europa.eu/codelist/EventProcessValue/obduction
P067,organic accumulation,http://inspire.ec.europa.eu/codelist/EventProcessValue/organicAccumulation
P068,orogenic process,http://inspire.ec.europa.eu/codelist/EventProcessValue/orogenicProcess
P069,oxidation,http://inspire.ec.europa.eu/codelist/EventProcessValue/oxidation
P070,partial melting,http://inspire.ec.europa.eu/codelist/EventProcessValue/partialMelting
P071,physical weathering,http://inspire.ec.europa.eu/codelist/EventProcessValue/physicalWeathering
P072,plinian eruption,http://inspire.ec.europa.eu/codelist/EventProcessValue/plinianEruption
P073,polar wander,http://inspire.ec.europa.eu/codelist/EventProcessValue/polarWander
P074,pressure release weathering,http://inspire.ec.europa.eu/codelist/EventProcessValue/pressureReleaseWeathering
P075,pyroclastic eruption,http://inspire.ec.europa.eu/codelist/EventProcessValue/pyroclasticEruption
P076,reworking,http://inspire.ec.europa.eu/codelist/EventProcessValue/reworking
P077,rifting,http://inspire.ec.europa.eu/codelist/EventProcessValue/rifting
P078,sea level change,http://inspire.ec.europa.eu/codelist/EventProcessValue/seaLevelChange
P079,sea level fall,http://inspire.ec.europa.eu/codelist/EventProcessValue/seaLevelFall
P080,sea level rise,http://inspire.ec.europa.eu/codelist/EventProcessValue/seaLevelRise
P081,sealing,http://inspire.ec.europa.eu/codelist/EventProcessValue/sealing
P082,sedimentary process,http://inspire.ec.europa.eu/codelist/EventProcessValue/sedimentaryProcess
P083,shearing,http://inspire.ec.europa.eu/codelist/EventProcessValue/shearing
P084,speciation,http://inspire.ec.europa.eu/codelist/EventProcessValue/speciation
P085,spreading,http://inspire.ec.europa.eu/codelist/EventProcessValue/spreading
P086,strombolian eruption,http://inspire.ec.europa.eu/codelist/EventProcessValue/strombolianEruption
P087,subduction,http://inspire.ec.europa.eu/codelist/EventProcessValue/subduction
P088,tectonic process,http://inspire.ec.europa.eu/codelist/EventProcessValue/tectonicProcess
P089,thermal shock weathering,http://inspire.ec.europa.eu/codelist/EventProcessValue/thermalShockWeathering
P090,transform faulting,http://inspire.ec.europa.eu/codelist/EventProcessValue/transformFaulting
P091,turbidity current deposition,http://inspire.ec.europa.eu/codelist/EventProcessValue/turbidityCurrentDeposition
P092,vulcanian eruption,http://inspire.ec.europa.eu/codelist/EventProcessValue/vulcanianEruption
P093,water erosion,http://inspire.ec.europa.eu/codelist/EventProcessValue/waterErosion
P094,weathering,http://inspire.ec.europa.eu/codelist/EventProcessValue/weathering
P095,wind erosion,http://inspire.ec.europa.eu/codelist/EventProcessValue/windErosion
